{"09.11.20": {"00:18": {"distance": 0, "count_press": 0}, "17:17": {"distance": 0, "count_press": 0}, "17:45": {"distance": 0, "count_press": 0}}, "10.11.20": {"00:01": {"distance": 0, "count_press": 0}, "00:02": {"distance": 0, "count_press": 0}, "00:03": {"distance": 15619.44091443332, "count_press": 84}, "00:04": {"distance": 14255.510477084455, "count_press": 24}, "00:05": {"distance": 16416.519114952836, "count_press": 38}, "00:06": {"distance": 18139.632988213245, "count_press": 42}, "00:07": {"distance": 977.8151200458566, "count_press": 2}, "00:08": {"distance": 8334.910243292461, "count_press": 20}, "00:09": {"distance": 10815.592087267516, "count_press": 18}, "00:10": {"distance": 5928.064158633793, "count_press": 6}, "00:11": {"distance": 15804.153181012445, "count_press": 24}, "00:12": {"distance": 6755.663411528702, "count_press": 6}, "00:13": {"distance": 14667.131272927374, "count_press": 26}, "00:56": {"distance": 0, "count_press": 0}, "00:57": {"distance": 13409.866604473544, "count_press": 201}, "00:58": {"distance": 14296.822460485171, "count_press": 89}}}