{"17.11.20": {"15:00:40": {"distance": 0, "count_press": 0}, "15:00:41": {"distance": 258.09598154133994, "count_press": 0}, "15:00:42": {"distance": 1281.3765799891546, "count_press": 0}, "15:00:43": {"distance": 16.83232403787835, "count_press": 4}, "15:00:44": {"distance": 0, "count_press": 8}, "15:00:45": {"distance": 0, "count_press": 6}, "15:00:46": {"distance": 0, "count_press": 8}, "15:00:47": {"distance": 0, "count_press": 2}, "15:00:48": {"distance": 0, "count_press": 2}, "15:00:49": {"distance": 1908.7502641213316, "count_press": 0}, "15:00:58": {"distance": 0, "count_press": 0}, "15:00:59": {"distance": 1581.4044296139625, "count_press": 0}, "15:01:00": {"distance": 225.8925072796193, "count_press": 4}, "15:01:01": {"distance": 50.35848547237225, "count_press": 0}, "15:01:02": {"distance": 586.5911254771563, "count_press": 4}, "15:01:03": {"distance": 327.9525689440398, "count_press": 3}, "15:01:04": {"distance": 473.87390663915386, "count_press": 3}, "15:01:05": {"distance": 185.62801291987915, "count_press": 2}, "15:01:06": {"distance": 83.75393804285764, "count_press": 4}, "15:01:07": {"distance": 8.82842712474619, "count_press": 9}, "15:01:08": {"distance": 219.36980533344752, "count_press": 5}, "15:01:09": {"distance": 13.019764837837085, "count_press": 0}, "15:01:10": {"distance": 97.22504730528281, "count_press": 1}, "15:01:11": {"distance": 0, "count_press": 1}, "15:01:12": {"distance": 0, "count_press": 0}, "15:01:13": {"distance": 0, "count_press": 2}, "15:01:14": {"distance": 0, "count_press": 0}, "15:01:15": {"distance": 1376.8476948589255, "count_press": 0}, "15:01:16": {"distance": 1245.489583628286, "count_press": 0}, "15:01:17": {"distance": 3.23606797749979, "count_press": 0}, "15:01:18": {"distance": 0, "count_press": 0}, "15:01:19": {"distance": 0, "count_press": 2}, "15:01:20": {"distance": 0, "count_press": 0}, "15:01:21": {"distance": 0, "count_press": 2}, "15:01:22": {"distance": 0, "count_press": 0}, "15:01:23": {"distance": 0, "count_press": 0}, "15:01:24": {"distance": 0, "count_press": 0}, "15:01:25": {"distance": 0, "count_press": 2}, "15:01:26": {"distance": 0, "count_press": 0}, "15:01:27": {"distance": 0, "count_press": 2}, "15:01:28": {"distance": 0, "count_press": 0}, "15:01:29": {"distance": 0, "count_press": 4}, "15:01:30": {"distance": 0, "count_press": 0}, "15:01:31": {"distance": 0, "count_press": 5}, "15:01:33": {"distance": 1606.9898129398848, "count_press": 1}}}