{"11.11.20": {"01:05": {"distance": 0, "count_press": 0}, "01:06": {"distance": 0, "count_press": 0}, "01:07": {"distance": 18050.930915260713, "count_press": 32}, "01:08": {"distance": 6941.243479624868, "count_press": 20}, "01:09": {"distance": 14295.308626634283, "count_press": 16}, "01:10": {"distance": 0, "count_press": 0}, "01:11": {"distance": 0, "count_press": 0}, "01:16": {"distance": 0, "count_press": 0}, "01:17": {"distance": 0, "count_press": 0}, "01:18": {"distance": 0, "count_press": 0}, "01:19": {"distance": 0, "count_press": 0}, "01:20": {"distance": 22863.34752324995, "count_press": 34}, "01:21": {"distance": 0, "count_press": 0}, "01:22": {"distance": 0, "count_press": 0}, "01:23": {"distance": 0, "count_press": 0}, "01:24": {"distance": 19347.438368732208, "count_press": 60}, "01:25": {"distance": 5407.157012810148, "count_press": 56}, "01:26": {"distance": 23884.081179617515, "count_press": 40}, "01:27": {"distance": 22500.144735642767, "count_press": 54}, "01:28": {"distance": 21860.266338979287, "count_press": 34}, "01:29": {"distance": 18440.189967327296, "count_press": 39}, "01:30": {"distance": 7531.931101670528, "count_press": 13}, "01:31": {"distance": 21800.51847168528, "count_press": 66}, "01:32": {"distance": 19972.689550074603, "count_press": 32}, "01:33": {"distance": 0, "count_press": 0}, "01:34": {"distance": 18814.56404892495, "count_press": 28}, "01:35": {"distance": 29170.964736483984, "count_press": 50}, "01:36": {"distance": 10942.275602271024, "count_press": 18}, "01:37": {"distance": 33110.00740766858, "count_press": 49}}}