{"11.11.20": {"01:05": {"distance": 0, "count_press": 0}, "01:06": {"distance": 0, "count_press": 0}, "01:07": {"distance": 18050.930915260713, "count_press": 32}, "01:08": {"distance": 6941.243479624868, "count_press": 20}, "01:09": {"distance": 14295.308626634283, "count_press": 16}, "01:10": {"distance": 0, "count_press": 0}, "01:11": {"distance": 0, "count_press": 0}, "01:16": {"distance": 0, "count_press": 0}, "01:17": {"distance": 0, "count_press": 0}, "01:18": {"distance": 0, "count_press": 0}, "01:19": {"distance": 0, "count_press": 0}, "01:20": {"distance": 22863.34752324995, "count_press": 34}, "01:21": {"distance": 0, "count_press": 0}, "01:22": {"distance": 0, "count_press": 0}, "01:23": {"distance": 0, "count_press": 0}, "01:24": {"distance": 19347.438368732208, "count_press": 60}, "01:25": {"distance": 5407.157012810148, "count_press": 56}, "01:26": {"distance": 23884.081179617515, "count_press": 40}, "01:27": {"distance": 22500.144735642767, "count_press": 54}, "01:28": {"distance": 21860.266338979287, "count_press": 34}, "01:29": {"distance": 18440.189967327296, "count_press": 39}, "01:30": {"distance": 7531.931101670528, "count_press": 13}, "01:31": {"distance": 21800.51847168528, "count_press": 66}, "01:32": {"distance": 19972.689550074603, "count_press": 32}, "01:33": {"distance": 0, "count_press": 0}, "01:34": {"distance": 18814.56404892495, "count_press": 28}, "01:35": {"distance": 29170.964736483984, "count_press": 50}, "01:36": {"distance": 10942.275602271024, "count_press": 18}, "01:37": {"distance": 33110.00740766858, "count_press": 49}, "22:09": {"distance": 0, "count_press": 0}, "22:10": {"distance": 18323.83324577238, "count_press": 28}, "22:11": {"distance": 29192.866346973966, "count_press": 52}, "22:12": {"distance": 28232.250264404214, "count_press": 56}, "22:13": {"distance": 0, "count_press": 0}, "22:14": {"distance": 21323.323636908666, "count_press": 84}, "22:15": {"distance": 12097.512995831134, "count_press": 26}, "22:19": {"distance": 0, "count_press": 0}, "22:20": {"distance": 20478.430852921352, "count_press": 38}, "22:21": {"distance": 26760.836470182443, "count_press": 42}, "22:22": {"distance": 0, "count_press": 0}, "22:23": {"distance": 9027.762639653878, "count_press": 14}, "22:24": {"distance": 15698.343494961897, "count_press": 16}, "22:25": {"distance": 15853.164230142434, "count_press": 24}, "22:26": {"distance": 18580.34018830344, "count_press": 24}, "22:27": {"distance": 15952.765307289888, "count_press": 30}, "22:28": {"distance": 7472.904655768051, "count_press": 16}, "22:29": {"distance": 15138.209166163466, "count_press": 20}, "22:30": {"distance": 21531.786590404452, "count_press": 40}, "22:31": {"distance": 23563.03307569181, "count_press": 38}, "22:32": {"distance": 24033.909901149764, "count_press": 32}, "22:33": {"distance": 10031.89446632982, "count_press": 40}, "22:34": {"distance": 11311.583247182103, "count_press": 32}, "22:35": {"distance": 15199.146087309366, "count_press": 56}, "22:36": {"distance": 0, "count_press": 0}, "22:37": {"distance": 0, "count_press": 0}, "22:38": {"distance": 0, "count_press": 0}, "22:39": {"distance": 3432.922095358783, "count_press": 6}, "22:40": {"distance": 15394.055472631562, "count_press": 32}, "22:41": {"distance": 6325.98447482438, "count_press": 20}, "22:42": {"distance": 17261.88621628999, "count_press": 28}, "22:43": {"distance": 18500.241432158033, "count_press": 18}, "22:44": {"distance": 12623.935966084664, "count_press": 28}, "22:45": {"distance": 7377.116907398574, "count_press": 22}, "22:46": {"distance": 0, "count_press": 0}, "22:47": {"distance": 8168.143183534519, "count_press": 40}, "22:48": {"distance": 8026.04164632816, "count_press": 16}, "22:49": {"distance": 0, "count_press": 0}, "22:50": {"distance": 0, "count_press": 0}, "22:51": {"distance": 0, "count_press": 0}, "22:52": {"distance": 0, "count_press": 0}, "22:53": {"distance": 0, "count_press": 0}, "22:54": {"distance": 0, "count_press": 0}, "22:55": {"distance": 0, "count_press": 0}, "22:56": {"distance": 0, "count_press": 0}, "22:57": {"distance": 0, "count_press": 0}, "22:58": {"distance": 0, "count_press": 0}, "22:59": {"distance": 13937.770348827862, "count_press": 13}, "23:00": {"distance": 14912.848074121745, "count_press": 51}}, "12.11.20": {"23:01": {"distance": 0, "count_press": 0}, "23:02": {"distance": 12628.91513057052, "count_press": 58}, "23:03": {"distance": 0, "count_press": 0}, "23:04": {"distance": 0, "count_press": 0}, "23:05": {"distance": 19629.224159067246, "count_press": 40}, "23:06": {"distance": 21988.251737426588, "count_press": 28}, "23:07": {"distance": 25721.90282611315, "count_press": 42}, "23:08": {"distance": 19341.972221197168, "count_press": 16}, "23:09": {"distance": 25829.17861931289, "count_press": 60}, "23:10": {"distance": 17934.475283167543, "count_press": 30}, "23:11": {"distance": 4926.663781685238, "count_press": 22}, "23:12": {"distance": 0, "count_press": 0}, "23:14": {"distance": 0, "count_press": 0}, "23:15": {"distance": 0, "count_press": 0}, "23:16": {"distance": 25904.413104653468, "count_press": 32}, "23:17": {"distance": 18360.488200104413, "count_press": 44}, "23:18": {"distance": 22481.08949099754, "count_press": 24}, "23:19": {"distance": 9783.120329788717, "count_press": 14}, "23:20": {"distance": 13037.427268834268, "count_press": 32}, "23:21": {"distance": 0, "count_press": 0}, "23:22": {"distance": 0, "count_press": 0}, "23:23": {"distance": 26144.83313479721, "count_press": 98}, "23:24": {"distance": 0, "count_press": 0}, "23:25": {"distance": 0, "count_press": 0}, "23:26": {"distance": 910.5448870505752, "count_press": 2}, "23:27": {"distance": 11483.282875164536, "count_press": 30}, "23:28": {"distance": 8445.077528982272, "count_press": 18}, "23:29": {"distance": 22925.904959300435, "count_press": 106}, "23:30": {"distance": 0, "count_press": 0}, "23:31": {"distance": 0, "count_press": 0}, "23:32": {"distance": 11958.380640362782, "count_press": 16}, "23:33": {"distance": 31524.17001265386, "count_press": 66}, "23:34": {"distance": 22037.801722142947, "count_press": 36}, "23:35": {"distance": 15142.664623298613, "count_press": 340}, "23:36": {"distance": 31937.189410163723, "count_press": 40}, "23:37": {"distance": 6696.807650665027, "count_press": 10}, "23:38": {"distance": 18027.900414512358, "count_press": 40}, "23:39": {"distance": 11750.010953424306, "count_press": 20}, "23:40": {"distance": 13655.167712445696, "count_press": 22}, "23:41": {"distance": 25820.67985957658, "count_press": 42}, "23:42": {"distance": 10809.011787057527, "count_press": 16}, "23:43": {"distance": 0, "count_press": 0}, "23:44": {"distance": 0, "count_press": 0}, "23:45": {"distance": 0, "count_press": 0}, "23:46": {"distance": 0, "count_press": 0}, "23:47": {"distance": 0, "count_press": 0}, "23:48": {"distance": 0, "count_press": 0}, "23:49": {"distance": 0, "count_press": 0}, "23:50": {"distance": 0, "count_press": 0}, "23:51": {"distance": 0, "count_press": 0}, "23:52": {"distance": 0, "count_press": 0}, "23:53": {"distance": 0, "count_press": 0}, "23:54": {"distance": 0, "count_press": 0}, "23:55": {"distance": 0, "count_press": 0}, "23:56": {"distance": 0, "count_press": 0}, "23:57": {"distance": 0, "count_press": 0}, "23:58": {"distance": 0, "count_press": 0}, "23:59": {"distance": 0, "count_press": 0}, "00:00": {"distance": 0, "count_press": 0}, "00:01": {"distance": 0, "count_press": 0}, "00:02": {"distance": 0, "count_press": 0}, "00:03": {"distance": 0, "count_press": 0}, "00:04": {"distance": 0, "count_press": 0}, "00:05": {"distance": 0, "count_press": 0}, "00:06": {"distance": 0, "count_press": 0}, "00:07": {"distance": 0, "count_press": 0}, "00:08": {"distance": 0, "count_press": 0}, "00:09": {"distance": 0, "count_press": 0}, "00:10": {"distance": 0, "count_press": 0}, "00:11": {"distance": 0, "count_press": 0}, "00:12": {"distance": 0, "count_press": 0}, "00:13": {"distance": 0, "count_press": 0},