{"09.11.20": {"00:18": {"distance": 0, "count_press": 0}, "17:17": {"distance": 0, "count_press": 0}, "17:45": {"distance": 0, "count_press": 0}}, "10.11.20": {"00:01": {"distance": 0, "count_press": 0}, "00:02": {"distance": 0, "count_press": 0}, "00:03": {"distance": 15619.44091443332, "count_press": 84}, "00:04": {"distance": 14255.510477084455, "count_press": 24}, "00:05": {"distance": 16416.519114952836, "count_press": 38}, "00:06": {"distance": 18139.632988213245, "count_press": 42}, "00:07": {"distance": 977.8151200458566, "count_press": 2}, "00:08": {"distance": 8334.910243292461, "count_press": 20}, "00:09": {"distance": 10815.592087267516, "count_press": 18}, "00:10": {"distance": 5928.064158633793, "count_press": 6}, "00:11": {"distance": 15804.153181012445, "count_press": 24}, "00:12": {"distance": 6755.663411528702, "count_press": 6}, "00:13": {"distance": 14667.131272927374, "count_press": 26}, "00:56": {"distance": 0, "count_press": 0}, "00:57": {"distance": 13409.866604473544, "count_press": 201}, "00:58": {"distance": 14296.822460485171, "count_press": 89}, "00:59": {"distance": 15276.557802065345, "count_press": 230}, "01:00": {"distance": 18741.80399177011, "count_press": 36}, "01:01": {"distance": 23084.886428202608, "count_press": 56}, "01:02": {"distance": 18427.483489019887, "count_press": 34}, "01:03": {"distance": 20073.952925724123, "count_press": 40}, "01:04": {"distance": 20973.022466110287, "count_press": 86}, "01:05": {"distance": 16532.991543514167, "count_press": 30}, "01:06": {"distance": 11726.724152871206, "count_press": 58}, "01:07": {"distance": 16693.49519822052, "count_press": 87}, "01:08": {"distance": 16185.938414502645, "count_press": 49}}}